{
  "manifest": {
    "apis": {
      "custom": {
        "endpoint": {
          "uri": "arn:aws:lambda:us-east-1:531578082316:function:0a5f755a-b306-48cd-bd7f-361b12283c0b:Release_0"
        },
        "interfaces": [],
        "regions": {
          "NA": {
            "endpoint": {
              "uri": "arn:aws:lambda:us-east-1:531578082316:function:0a5f755a-b306-48cd-bd7f-361b12283c0b:Release_0"
            }
          },
          "EU": {
            "endpoint": {
              "uri": "arn:aws:lambda:eu-west-1:531578082316:function:0a5f755a-b306-48cd-bd7f-361b12283c0b:Release_0"
            }
          },
          "FE": {
            "endpoint": {
              "uri": "arn:aws:lambda:us-west-2:531578082316:function:0a5f755a-b306-48cd-bd7f-361b12283c0b:Release_0"
            }
          }
        }
      }
    },
    "manifestVersion": "1.0",
    "privacyAndCompliance": {
      "allowsPurchases": false,
      "containsAds": false,
      "isChildDirected": false,
      "locales": {
        "en-US": {}
      },
      "shoppingKit": {
        "isAmazonAssociatesOnAlexaEnabled": false,
        "isShoppingActionsEnabled": false
      },
      "usesPersonalInfo": false
    },
    "publishingInformation": {
      "automaticDistribution": {
        "isActive": false
      },
      "distributionCountries": [],
      "isAvailableWorldwide": true,
      "locales": {
        "en-US": {
          "description": "Sample Full Description",
          "examplePhrases": [
            "Alexa open hello world",
            "hello",
            "help"
          ],
          "keywords": [],
          "name": "Chess Attempt 2",
          "summary": "Sample Short Description"
        }
      },
      "testingInstructions": "Sample Testing Instructions."
    }
  }
}