{
  "interactionModel": {
    "languageModel": {
      "invocationName": "no hands chess",
      "intents": [
        {
          "name": "AMAZON.CancelIntent",
          "samples": []
        },
        {
          "name": "AMAZON.HelpIntent",
          "samples": [
            "help"
          ]
        },
        {
          "name": "AMAZON.StopIntent",
          "samples": []
        },
        {
          "name": "AMAZON.NavigateHomeIntent",
          "samples": []
        },
        {
          "name": "AMAZON.FallbackIntent",
          "samples": []
        },
        {
          "name": "chess_move",
          "slots": [
            {
              "name": "targetPiece",
              "type": "ChessPosition"
            },
            {
              "name": "endPosition",
              "type": "ChessPosition"
            }
          ],
          "samples": [
            "move {targetPiece} to {endPosition}",
            "move piece {targetPiece} to {endPosition}",
            "play move {targetPiece} to {endPosition}",
            "play {targetPiece} to {endPosition}"
          ]
        },
        {
          "name": "chess_game",
          "slots": [
            {
              "name": "user",
              "type": "AMAZON.DE_FIRST_NAME"
            }
          ],
          "samples": [
            "challenge {user} to chess",
            "Fight {user}",
            "chess {user}",
            "Challenge {user}",
            "Alexa Challenge {user} To A Game",
            "Challenge {user} To A Game"
          ]
        }
      ],
      "types": [
        {
          "values": [
            {
              "name": {
                "value": "A1"
              }
            },
            {
              "name": {
                "value": "A2"
              }
            },
            {
              "name": {
                "value": "A3"
              }
            },
            {
              "name": {
                "value": "A4"
              }
            },
            {
              "name": {
                "value": "A5"
              }
            },
            {
              "name": {
                "value": "A6"
              }
            },
            {
              "name": {
                "value": "A7"
              }
            },
            {
              "name": {
                "value": "A8"
              }
            },
            {
              "name": {
                "value": "B1"
              }
            },
            {
              "name": {
                "value": "B2"
              }
            },
            {
              "name": {
                "value": "B3"
              }
            },
            {
              "name": {
                "value": "B4"
              }
            },
            {
              "name": {
                "value": "B5"
              }
            },
            {
              "name": {
                "value": "B6"
              }
            },
            {
              "name": {
                "value": "B7"
              }
            },
            {
              "name": {
                "value": "B8"
              }
            },
            {
              "name": {
                "value": "C1"
              }
            },
            {
              "name": {
                "value": "C2"
              }
            },
            {
              "name": {
                "value": "C3"
              }
            },
            {
              "name": {
                "value": "C4"
              }
            },
            {
              "name": {
                "value": "C5"
              }
            },
            {
              "name": {
                "value": "C6"
              }
            },
            {
              "name": {
                "value": "C7"
              }
            },
            {
              "name": {
                "value": "C8"
              }
            },
            {
              "name": {
                "value": "D1"
              }
            },
            {
              "name": {
                "value": "D2"
              }
            },
            {
              "name": {
                "value": "D3"
              }
            },
            {
              "name": {
                "value": "D4"
              }
            },
            {
              "name": {
                "value": "D5"
              }
            },
            {
              "name": {
                "value": "D6"
              }
            },
            {
              "name": {
                "value": "D7"
              }
            },
            {
              "name": {
                "value": "D8"
              }
            },
            {
              "name": {
                "value": "E1"
              }
            },
            {
              "name": {
                "value": "E2"
              }
            },
            {
              "name": {
                "value": "E3"
              }
            },
            {
              "name": {
                "value": "E4"
              }
            },
            {
              "name": {
                "value": "E5"
              }
            },
            {
              "name": {
                "value": "E6"
              }
            },
            {
              "name": {
                "value": "E7"
              }
            },
            {
              "name": {
                "value": "E8"
              }
            },
            {
              "name": {
                "value": "F1"
              }
            },
            {
              "name": {
                "value": "F2"
              }
            },
            {
              "name": {
                "value": "F3"
              }
            },
            {
              "name": {
                "value": "F4"
              }
            },
            {
              "name": {
                "value": "F5"
              }
            },
            {
              "name": {
                "value": "F6"
              }
            },
            {
              "name": {
                "value": "F7"
              }
            },
            {
              "name": {
                "value": "F8"
              }
            },
            {
              "name": {
                "value": "G1"
              }
            },
            {
              "name": {
                "value": "G2"
              }
            },
            {
              "name": {
                "value": "G3"
              }
            },
            {
              "name": {
                "value": "G4"
              }
            },
            {
              "name": {
                "value": "G5"
              }
            },
            {
              "name": {
                "value": "G6"
              }
            },
            {
              "name": {
                "value": "G7"
              }
            },
            {
              "name": {
                "value": "G8"
              }
            },
            {
              "name": {
                "value": "H1"
              }
            },
            {
              "name": {
                "value": "H2"
              }
            },
            {
              "name": {
                "value": "H3"
              }
            },
            {
              "name": {
                "value": "H4"
              }
            },
            {
              "name": {
                "value": "H5"
              }
            },
            {
              "name": {
                "value": "H6"
              }
            },
            {
              "name": {
                "value": "H7"
              }
            },
            {
              "name": {
                "value": "H8"
              }
            }
          ],
          "name": "ChessPosition"
        }
      ]
    }
  },
  "version": "14"
}